NO_EXERCICE;LIB_EXERCICE_
1900;EXERCICE 1900
1901;EXERCICE 1901
1902;EXERCICE 1902
1903;EXERCICE 1903
1904;EXERCICE 1904
1905;EXERCICE 1905
1906;EXERCICE 1906
1907;EXERCICE 1907
1908;EXERCICE 1908
1909;EXERCICE 1909
1910;EXERCICE 1910
1911;EXERCICE 1911
1912;EXERCICE 1912
1913;EXERCICE 1913
1914;EXERCICE 1914
1915;EXERCICE 1915
1916;EXERCICE 1916
1917;EXERCICE 1917
1918;EXERCICE 1918
1919;EXERCICE 1919
1920;EXERCICE 1920
1921;EXERCICE 1921
1922;EXERCICE 1922
1923;EXERCICE 1923
1924;EXERCICE 1924
1925;EXERCICE 1925
1926;EXERCICE 1926
1927;EXERCICE 1927
1928;EXERCICE 1928
1929;EXERCICE 1929
1930;EXERCICE 1930
1931;EXERCICE 1931
1932;EXERCICE 1932
1933;EXERCICE 1933
1934;EXERCICE 1934
1935;EXERCICE 1935
1936;EXERCICE 1936
1937;EXERCICE 1937
1938;EXERCICE 1938
1939;EXERCICE 1939
1940;EXERCICE 1940
1941;EXERCICE 1941
1942;EXERCICE 1942
1943;EXERCICE 1943
1944;EXERCICE 1944
1945;EXERCICE 1945
1946;EXERCICE 1946
1947;EXERCICE 1947
1948;EXERCICE 1948
1949;EXERCICE 1949
1950;EXERCICE 1950
1951;EXERCICE 1951
1952;EXERCICE 1952
1953;EXERCICE 1953
1954;EXERCICE 1954
1955;EXERCICE 1955
1956;EXERCICE 1956
1957;EXERCICE 1957
1958;EXERCICE 1958
1959;EXERCICE 1959
1960;EXERCICE 1960
1961;EXERCICE 1961
1962;EXERCICE 1962
1963;EXERCICE 1963
1964;EXERCICE 1964
1965;EXERCICE 1965
1966;EXERCICE 1966
1967;EXERCICE 1967
1968;EXERCICE 1968
1969;EXERCICE 1969
1970;EXERCICE 1970
1971;EXERCICE 1971
1972;EXERCICE 1972
1973;EXERCICE 1973
1974;EXERCICE 1974
1975;EXERCICE 1975
1976;EXERCICE 1976
1977;EXERCICE 1977
1978;EXERCICE 1978
1979;EXERCICE 1979
1980;EXERCICE 1980
1981;EXERCICE 1981
1982;EXERCICE 1982
1983;EXERCICE 1983
1984;EXERCICE 1984
1985;EXERCICE 1985
1986;EXERCICE 1986
1987;EXERCICE 1987
1988;EXERCICE 1988
1989;EXERCICE 1989
1990;EXERCICE 1990
1991;EXERCICE 1991
1992;EXERCICE 1992
1993;EXERCICE 1993
1994;EXERCICE 1994
1995;EXERCICE 1995
1996;EXERCICE 1996
1997;EXERCICE 1997
1998;EXERCICE 1998
1999;EXERCICE 1999
2000;EXERCICE 2000
2001;EXERCICE 2001
2002;EXERCICE 2002
2003;EXERCICE 2003
2004;EXERCICE 2004
2005;EXERCICE 2005
2006;EXERCICE 2006
2007;EXERCICE 2007
2008;EXERCICE 2008
2009;EXERCICE 2009
2010;EXERCICE 2010
2011;EXERCICE 2011
2012;EXERCICE 2012
2013;EXERCICE 2013
2014;EXERCICE 2014
2015;EXERCICE 2015
2016;EXERCICE 2016
2017;EXERCICE 2017
2018;EXERCICE 2018
2019;EXERCICE 2019
2020;EXERCICE 2020
2021;EXERCICE 2021
2022;EXERCICE 2022
2023;EXERCICE 2023
2024;EXERCICE 2024
2025;EXERCICE 2025
2026;EXERCICE 2026
2027;EXERCICE 2027
2028;EXERCICE 2028
2029;EXERCICE 2029
2030;EXERCICE 2030
2031;EXERCICE 2031
2032;EXERCICE 2032
2033;EXERCICE 2033
2034;EXERCICE 2034
2035;EXERCICE 2035
2036;EXERCICE 2036
2037;EXERCICE 2037
2038;EXERCICE 2038
2039;EXERCICE 2039
2040;EXERCICE 2040
2041;EXERCICE 2041
2042;EXERCICE 2042
2043;EXERCICE 2043
2044;EXERCICE 2044
2045;EXERCICE 2045
2046;EXERCICE 2046
2047;EXERCICE 2047
2048;EXERCICE 2048
2049;EXERCICE 2049
2050;EXERCICE 2050
???;INCONNU
