ID_JOURNAL_COMPTABLE;CODE_JOURNAL_COMPTABLE;LIB_RED_JOURNAL_COMPTABLE;LIB_JOURNAL_COMPTABLE;INDIC_REPORT_A_NOUVEAU;CODE_SOCIETE;
HLM ODE;ODE;VenteONV  ;Vente solde à ONV       ;NULL;N/A;
ONV ODE;ODE;VenteONV  ;Vente à ONV             ;NULL;ONV;
V90 ODE;ODE;VenteONV  ;Vente à ONV             ;NULL;V90;
HLM RAD;RAD;RAN DMX   ;REPRISE RAN DOMAXIS     ;NULL;N/A;
V90 RAD;RAD;RAN DMX   ;REPRISE RAN DOMAXIS     ;NULL;V90;
ONV ODS;ODS;OD SINISTR;OPER.DIVERSES SINISTRE  ;NULL;ONV;
ONV REM;REM;REMB EMP  ;REMBOURSEMENT EMPRUNTS  ;NULL;ONV;
HLM ODH;ODH;AchatSlV90;Achat solde CA à V90    ;NULL;N/A;
HLM OAP;OAP;APL ONV   ;APL ONV                 ;NULL;N/A;
ONV OAP;OAP;APL ONV   ;APL ONV                 ;NULL;ONV;
ADL ODS;ODS;OD SINISTR;OPER.DIVERSES SINISTRE  ;NULL;ADL;
FOY ODS;ODS;OD SINISTR;OPER.DIVERSES SINISTRE  ;NULL;N/A;
INT ODS;ODS;OD SINISTR;OPER.DIVERSES SINISTRE  ;NULL;N/A;
SES ODS;ODS;OD SINISTR;OPER.DIVERSES SINISTRE  ;NULL;SES;
ADL RAB;RAB;RAN REP   ;RAN REPRISE ADLIS       ;NULL;ADL;
INT RAB;RAB;RAN REP   ;RAN REPRISE ADLIS       ;NULL;N/A;
HLM ODK;ODK;CorEcrFOY ;Correct° écritures FOY  ;NULL;N/A;
V90 ODK;ODK;CorEcrFOY ;Correct° écritures FOY  ;NULL;V90;
SES RE0;RE0;REGLT ZER ;REGLEMENT A ZERO        ;NULL;SES;
V90 RE0;RE0;REGLT ZER ;REGLEMENT A ZERO        ;NULL;V90;
SEA RE0;RE0;REGLT ZER ;REGLEMENT A ZERO        ;NULL;SEA;
HLM BC8;BC8;ARKEA DIV ;ARKEA DIV 52672504144   ;NULL;N/A;
V90 BC8;BC8;ARKEA DIV ;ARKEA DIV 52672504144   ;NULL;V90;
HLM ON2;ON2;BQ ONV BP ;BANQUE ONV BP           ;NULL;N/A;
ONV ON2;ON2;BQ ONV BP ;BANQUE ONV BP           ;NULL;ONV;
ACC ODC;ODC;OD CLOTURE;OD CLOTURE              ;NULL;N/A;
ADL ODC;ODC;OD CLOTURE;OD CLOTURE              ;NULL;ADL;
INT ODC;ODC;OD CLOTURE;OD CLOTURE              ;NULL;N/A;
SEA ODC;ODC;OD CLOTURE;OD CLOTURE              ;NULL;SEA;
HLM OVA;OVA;OD ONV    ;OD ONV VACANCE          ;NULL;N/A;
ONV OVA;OVA;OD ONV VAC;OD ONV VACANCE          ;NULL;ONV;
FOY FBD;FBD;LBP DIV   ;LBP DIVID 4233959K020   ;NULL;N/A;
SES FBD;FBD;LBP DIV   ;LBP DIVID 4233959K020   ;NULL;SES;
SEM APL;APL;APL/AL    ;APL/AL                  ;NULL;SEM;
HLM TC4;TC4;BQ 8F0213 ;BANQUE POSTALE 8F0213   ;NULL;N/A;
V90 TC4;TC4;BQ 8F0213 ;BANQUE POSTALE 8F0213   ;NULL;V90;
ACC M10;M10;CA 4955256;CREDIT AGRICOLE 49552565;NULL;N/A;
SEA M10;M10;CA 4955256;CREDIT AGRICOLE 49552565;NULL;SEA;
SES PAP;PAP;PAP       ;POSTE A POSTE           ;NULL;SES;
V90 PAP;PAP;PAP       ;POSTE A POSTE           ;NULL;V90;
SEM RE0;RE0;REGLT ZER ;REGLEMENT A ZERO        ;NULL;SEM;
ART A01;A01;BRED      ;BRED PARIS 752632665    ;NULL;ART;
ART ACH;ACH;ACHATS    ;ACHATS                  ;NULL;ART;
ART ANA;ANA;OPE ANA   ;OPERATIONS ANALYTIQUES  ;NULL;ART;
ART BUD;BUD;OPE BUDGET;OPERATIONS BUDGETAIRES  ;NULL;ART;
ART FNP;FNP;OD FNP    ;OD FNP AUTO ET MANUEL   ;NULL;ART;
ART LIA;LIA;LIAISON   ;LIAISON AUTO.           ;NULL;ART;
ART ODC;ODC;OD CLOTURE;OD CLOTURE              ;NULL;ART;
ART ODF;ODF;OD        ;OPERATIONS DIVERSES     ;NULL;ART;
ART ODG;ODG;O.D       ;OPERATIONS DIVERSES     ;NULL;ART;
ART ODT;ODT;OD TVA    ;OPER.DIVERSES TVA       ;NULL;ART;
ART RAN;RAN;A NOUVEAU ;REPORT A NOUVEAU        ;NULL;ART;
ART REM;REM;REMB EMP  ;REMBOURSEMENT EMPRUNTS  ;NULL;ART;
ART WIM;WIM;WIM       ;Interface WIM           ;NULL;ART;
CHA ACH;ACH;ACHATS    ;ACHATS                  ;NULL;CHA;
CHA ANA;ANA;OPE ANA   ;OPERATIONS ANALYTIQUES  ;NULL;CHA;
CHA BUD;BUD;OPE BUDGET;OPERATIONS BUDGETAIRES  ;NULL;CHA;
CHA C01;C01;BRED      ;BRED 4180 3554 979      ;NULL;CHA;
CHA C02;C02;ARKEA     ;ARKEA 8819 1634 048     ;NULL;CHA;
CHA C03;C03;CE IDF    ;CE IDF 9707 835         ;NULL;CHA;
CHA C04;C04;ARKEA     ;ARKEA 16301 68          ;NULL;CHA;
CHA FNP;FNP;OD FNP    ;OD FNP AUTO ET MANUEL   ;NULL;CHA;
CHA LIA;LIA;LIAISON   ;LIAISON AUTO.           ;NULL;CHA;
HLM LA3;LA3;C.A LIVRET;C.A LIVRET HABITAT SOCIA;NULL;N/A;
V90 LA3;LA3;C.A LIVRET;C.A LIVRET HABITAT SOCIA;NULL;V90;
CHA ODC;ODC;OD CLOTURE;OD CLOTURE              ;NULL;CHA;
CHA ODF;ODF;OD        ;OPERATIONS DIVERSES     ;NULL;CHA;
CHA ODG;ODG;O.D       ;OPERATIONS DIVERSES     ;NULL;CHA;
CHA ODT;ODT;OD TVA    ;OPER.DIVERSES TVA       ;NULL;CHA;
CHA RAN;RAN;A NOUVEAU ;REPORT A NOUVEAU        ;NULL;CHA;
CHA REM;REM;REMB EMP  ;REMBOURSEMENT EMPRUNTS  ;NULL;CHA;
CHA WIM;WIM;WIM       ;Interface WIM           ;NULL;CHA;
LOG ACH;ACH;ACHATS    ;ACHATS                  ;NULL;LOG;
LOG ANA;ANA;OPE ANA   ;OPERATIONS ANALYTIQUES  ;NULL;LOG;
LOG BUD;BUD;OPE BUDGET;OPERATIONS BUDGETAIRES  ;NULL;LOG;
LOG FNP;FNP;OD FNP    ;OD FNP AUTO ET MANUEL   ;NULL;LOG;
LOG LE1;LE1;BRED      ;BRED 9101 8366 021      ;NULL;LOG;
LOG LE2;LE2;LIVRET A  ;LIVRET A 00416420 BRED  ;NULL;LOG;
LOG LIA;LIA;LIAISON   ;LIAISON AUTO.           ;NULL;LOG;
LOG MIG;MIG;RepMigr   ;Reprise Migration       ;NULL;LOG;
LOG ODC;ODC;OD CLOTURE;OD CLOTURE              ;NULL;LOG;
LOG ODF;ODF;OD        ;OPERATIONS DIVERSES     ;NULL;LOG;
LOG ODG;ODG;O.D       ;OPERATIONS DIVERSES     ;NULL;LOG;
LOG ODT;ODT;OD TVA    ;OPER.DIVERSES TVA       ;NULL;LOG;
LOG RAN;RAN;A NOUVEAU ;REPORT A NOUVEAU        ;NULL;LOG;
CHA ODR;ODR;REP OD    ;REPRISE OD QUALIAC      ;NULL;CHA;
CHA RAR;RAR;REP RAN   ;REPRISE RAN QUALIAC     ;NULL;CHA;
LOG ODR;ODR;REP OD    ;REPRISE OD QUALIAC      ;NULL;LOG;
LOG RAR;RAR;REP RAN   ;REPRISE RAN QUALIAC     ;NULL;LOG;
AC4 A01;A01;BRED      ;BRED PARIS 752632665    ;NULL;N/A;
AC4 ACH;ACH;ACHATS    ;ACHATS                  ;NULL;N/A;
AC4 ANA;ANA;OPE ANA   ;OPERATIONS ANALYTIQUES  ;NULL;N/A;
HLM BC5;BC5;ARKEA LIVR;ARKEA LIVRET A          ;NULL;N/A;
V90 BC5;BC5;ARKEA LIVR;ARKEA LIVRET A          ;NULL;V90;
AC4 BUD;BUD;OPE BUDGET;OPERATIONS BUDGETAIRES  ;NULL;N/A;
AC4 FNP;FNP;OD FNP    ;OD FNP AUTO ET MANUEL   ;NULL;N/A;
AC4 LIA;LIA;LIAISON   ;LIAISON AUTO.           ;NULL;N/A;
AC4 ODC;ODC;OD CLOTURE;OD CLOTURE              ;NULL;N/A;
AC4 ODF;ODF;OD        ;OPERATIONS DIVERSES     ;NULL;N/A;
AC4 ODG;ODG;O.D       ;OPERATIONS DIVERSES     ;NULL;N/A;
AC4 ODT;ODT;OD TVA    ;OPER.DIVERSES TVA       ;NULL;N/A;
AC4 RAN;RAN;A NOUVEAU ;REPORT A NOUVEAU        ;NULL;N/A;
AC4 REM;REM;REMB EMP  ;REMBOURSEMENT EMPRUNTS  ;NULL;N/A;
AC4 WIM;WIM;WIM       ;Interface WIM           ;NULL;N/A;
SLA ODI;ODI;OD LUTECE ;OD LA LUTECE            ;NULL;SLA;
HLM S26;S26;CA CPT EXC;CA CPT EXCEDENT ENT     ;NULL;N/A;
V90 S26;S26;CA CPT EXC;CA CPT EXCEDENT ENT     ;NULL;V90;
SES ICH;ICH;IMMO CHG  ;IMMOS VERS CHARGES      ;NULL;SES;
SES IST;IST;IMMOS STK ;IMMOS VERS STOCKS       ;NULL;SES;
SES SCE;SCE;SALVIA CES;SALVIA CESSIONS         ;NULL;SES;
SES SDE;SDE;SALVIA DEM;SALVIA DEMOLITION       ;NULL;SES;
SES SLO;SLO;SALVIA LIV;SALVIA LIV OPERATIONS   ;NULL;SES;
SES SSC;SSC;SALVIA SOR;SALVIA SORTIE COMPOSANTS;NULL;SES;
V90 ICH;ICH;IMMO CHG  ;IMMOS VERS CHARGES      ;NULL;V90;
V90 IST;IST;IMMOS STK ;IMMOS VERS STOCKS       ;NULL;V90;
V90 SCE;SCE;SALVIA CES;SALVIA CESSIONS         ;NULL;V90;
V90 SDE;SDE;SALVIA DEM;SALVIA DEMOLITION       ;NULL;V90;
V90 SLO;SLO;SALVIA LIV;SALVIA LIV OPERATIONS   ;NULL;V90;
V90 SSC;SSC;SALVIA SOR;SALVIA SORTIE COMPOSANTS;NULL;V90;
ADL RE0;RE0;REGLT ZER ;REGLEMENT A ZERO        ;NULL;ADL;
HLM BD1;BD1;ARKEA DIC ;ARKEA DIV 00526725043   ;NULL;N/A;
V90 BD1;BD1;ARKEA DIV ;ARKEA DIV 00526725043   ;NULL;V90;
V90 APU;APU;APP FRS   ;APPUREMENT FRS          ;NULL;V90;
HLM BCB;BCB;ARKEA DIV ;ARKEA DIV 00526725043   ;NULL;N/A;
V90 BCB;BCB;ARKEA DIV ;ARKEA DIV 00526725043   ;NULL;V90;
ACC ECH;ECH;ECH EMPRUN;ECHEANCES EMPRUNTS      ;NULL;N/A;
ACC ENC;ENC;ENC EMPRUN;ENCAISSEMENT EMPRUNTS   ;NULL;N/A;
ACC SUR;SUR;RBT RA    ;REMBT ANTICIPES SURFIN  ;NULL;N/A;
FOY ECH;ECH;ECH EMPRUN;ECHEANCES EMPRUNTS      ;NULL;N/A;
FOY ENC;ENC;ENC EMPRUN;ENCAISSEMENT EMPRUNTS   ;NULL;N/A;
FOY SUR;SUR;RBT RA    ;REMBT ANTICIPES SURFIN  ;NULL;N/A;
HLM ECH;ECH;ECH EMPRUN;ECHEANCES EMPRUNTS      ;NULL;N/A;
HLM ENC;ENC;ENC EMPRUN;ENCAISSEMENT EMPRUNTS   ;NULL;N/A;
HLM SUR;SUR;RBT RA    ;REMBT ANTICIPES SURFIN  ;NULL;N/A;
SEA ECH;ECH;ECH EMPRUN;ECHEANCES EMPRUNTS      ;NULL;SEA;
SEA ENC;ENC;ENC EMPRUN;ENCAISSEMENT EMPRUNTS   ;NULL;SEA;
SEA SUR;SUR;RBT RA    ;REMBT ANTICIPES SURFIN  ;NULL;SEA;
SES ECH;ECH;ECH EMPRUN;ECHEANCES EMPRUNTS      ;NULL;SES;
SES ENC;ENC;ENC EMPRUN;ENCAISSEMENT EMPRUNTS   ;NULL;SES;
SES SUR;SUR;RBT RA    ;REMBT ANTICIPES SURFIN  ;NULL;SES;
V90 ECH;ECH;ECH EMPRUN;ECHEANCES EMPRUNTS      ;NULL;V90;
V90 ENC;ENC;ENC EMPRUN;ENCAISSEMENT EMPRUNTS   ;NULL;V90;
V90 SUR;SUR;RBT RA    ;REMBT ANTICIPES SURFIN  ;NULL;V90;
HLM ON1;ON1;BANQUE ONV;BANQUE ONV              ;NULL;N/A;
ONV ON1;ON1;BANQUE ONV;BANQUE ONV              ;NULL;ONV;
ONV ODH;ODH;VtsSldONV ;vente solde CA à ONV    ;NULL;ONV;
ONV WIM;WIM;WIM       ;Interface WIM           ;NULL;ONV;
SEA WIM;WIM;WIM       ;Interface WIM           ;NULL;SEA;
SES WIM;WIM;WIM       ;Interface WIM           ;NULL;SES;
V90 WIM;WIM;WIM       ;Interface WIM           ;NULL;V90;
HLM ODJ;ODJ;OD ONV    ;OD ONV                  ;NULL;N/A;
ONV ODJ;ODJ;OD ONV    ;OD ONV                  ;NULL;ONV;
SEM ODS;ODS;OD SINISTR;OPER.DIVERSES SINISTRE  ;NULL;SEM;
FOY FAK;FAK;ARKEA LIV ;ARKEA LIVRET B 516301   ;NULL;N/A;
FOY FBL;FBL;LA BPLIV  ;LA BP LIVRET A 516204   ;NULL;N/A;
FOY FCA;FCA;CA 3122897;CA 31228971001          ;NULL;N/A;
FOY FCL;FCL;CA CSL    ;CA CSL 65007710768      ;NULL;N/A;
FOY FS1;FS1;CE CSL3484;CE CSL 3484             ;NULL;N/A;
SES FAK;FAK;ARKEA LIV ;ARKEA LIVRET B 516301   ;NULL;SES;
SES FBL;FBL;LA BPLIV  ;LA BP LIVRET A 516204   ;NULL;SES;
SES FCA;FCA;CA 3122897;CA 31228971001          ;NULL;SES;
SES FCL;FCL;CA CSL    ;CA CSL 65007710768      ;NULL;SES;
SES FS1;FS1;CE CSL3484;CE CSL 3484             ;NULL;SES;
HLM ODR;ODR;OD SLA    ;OD SLA                  ;NULL;N/A;
SLA ODR;ODR;OD SLA    ;OD SLA                  ;NULL;SLA;
HLM LA1;LA1;CA LF     ;CREDIT AGRICOLE LF      ;NULL;N/A;
HLM LA2;LA2;CA LECLERC;CREDIT AGRICOLE LECLERC ;NULL;N/A;
HLM LC1;LC1;CCP LF    ;CCP LF                  ;NULL;N/A;
HLM LC2;LC2;CCP LIV LF;CCP LIVRET A LF         ;NULL;N/A;
HLM LD1;LD1;CDC LF    ;CDC LF                  ;NULL;N/A;
HLM LD2;LD2;CDC LF    ;CDC LF                  ;NULL;N/A;
HLM LE1;LE1;CE LF     ;CAISSE D'EPARGNE LF     ;NULL;N/A;
HLM LF1;LF1;CFB LF    ;CFB LF                  ;NULL;N/A;
HLM LL1;LL1;CLF LF    ;CLF LF                  ;NULL;N/A;
HLM NG1;NG1;SG GEN LEC;SG GENERAL LECLERC      ;NULL;N/A;
HLM NG2;NG2;CE PARIS  ;CAISSE EPARGNE PARIS    ;NULL;N/A;
HLM NG3;NG3;CCP 069   ;CCP GENERAL LECLERC     ;NULL;N/A;
HLM ODA;ODA;OD AOTEP  ;OD AOTEP                ;NULL;N/A;
HLM ODF;ODF;OD FH     ;OD FH                   ;NULL;N/A;
HLM ODG;ODG;OD        ;ODG                     ;NULL;N/A;
HLM ODI;ODI;OD LUTECE ;OD LA LUTECE            ;NULL;N/A;
HLM ODL;ODL;OD LF     ;OD LF                   ;NULL;N/A;
HLM ODN;ODN;OD GEN LEC;OD GENERAL LECLERC      ;NULL;N/A;
HLM ODO;ODO;OD POT GOP;OD POT GOP              ;NULL;N/A;
HLM ODP;ODP;OD FH PRET;OD FH PRETS             ;NULL;N/A;
HLM ODS;ODS;OD SFL    ;OD SOFILOGIS            ;NULL;N/A;
HLM PAI;PAI;PAIE FH   ;PAIE FH                 ;NULL;N/A;
HLM QFH;QFH;QUITT FH  ;QUITTANCEMENT FH        ;NULL;N/A;
HLM QFP;QFP;QUITT V90P;QUITTANCEMENT V90P PRETS;NULL;N/A;
HLM QLC;QLC;QUITT     ;QUITTANCEMENT 069       ;NULL;N/A;
HLM QLF;QLF;QUITT     ;QUITTANCEMENT T60       ;NULL;N/A;
HLM QSH;QSH;QUIT SFL  ;QUITTANCEMENT SOFILOGIS ;NULL;N/A;
HLM QUA;QUA;QUITT AOTE;QUITT. AOTEP            ;NULL;N/A;
HLM QUI;QUI;QUITTANCEM;QUIT A LA DEMANDE HLM   ;NULL;N/A;
HLM QUT;QUT;QUITT LUTE;QUITT. LA LUTECE        ;NULL;N/A;
HLM RA1;RA1;REG RAN   ;REGUL REPORT A NOUVEAU  ;NULL;N/A;
HLM RAA;RAA;RAN AOTEP ;REPORT A NOUVEAU AOTEP  ;NULL;N/A;
HLM RAF;RAF;RAN EX LF ;RAN EX LOGTS FAMIL      ;NULL;N/A;
HLM RAL;RAL;RAN EX LUT;RAN EX LUTECE           ;NULL;N/A;
HLM REC;REC;CH LO FO C;REG CH.LOC FORF CREDIT  ;NULL;N/A;
HLM RED;RED;CH LO FO D;REG CH.LOC FORF DEBIT   ;NULL;N/A;
HLM REP;REP;REPRISE H ;REPRISE HLM             ;NULL;N/A;
HLM RPL;RPL;REP PAT LY;REPRISE PATRIMOINE LYON ;NULL;N/A;
HLM SA1;SA1;CA SFL    ;CREDIT AGRICOLE SOFILOGI;NULL;N/A;
HLM SC1;SC1;CCP SFL   ;CCP SOFILOGIS           ;NULL;N/A;
HLM SC2;SC2;CCP LOGIRE;CCP LOGIREL             ;NULL;N/A;
HLM SD1;SD1;CDC SFL   ;CDC SOFILOGIS           ;NULL;N/A;
HLM SE1;SE1;CA SFL    ;CAISSE EPARGNE SOFILOGIS;NULL;N/A;
HLM SE2;SE2;CE SOFIREL;CAISSE EPARGNE SOFIREL  ;NULL;N/A;
HLM SV1;SV1;BQ VEGA FI;BQE VEGA FINANCE SFL    ;NULL;N/A;
HLM TB1;TB1;BNP LUTECE;BNP LUTECE              ;NULL;N/A;
HLM TC1;TC1;CCP LUTECE;CCP LUTECE              ;NULL;N/A;
HLM TD1;TD1;CDC LUTECE;CDC LUTECE              ;NULL;N/A;
HLM TD2;TD2;CDC LUTECE;CDC LUTECE BOBIGNY      ;NULL;N/A;
HLM TE1;TE1;CE LUTECE ;CE LUTECE               ;NULL;N/A;
HLM TE2;TE2;CE LIV LUT;CE LIVRET A LUTECE      ;NULL;N/A;
HLM TE3;TE3;CE LIV LUT;CE LIVRET A LUTECE      ;NULL;N/A;
HLM TE7;TE7;LIV CE LUT;LIVRET C.EPARGNE LUTECE ;NULL;N/A;
HLM TE8;TE8;CE CPT LIV;CE COMPTE SUR LIVRET    ;NULL;N/A;
HLM ZD1;ZD1;REP PAI DG;REPRISE PAIEMENTS DG V90;NULL;N/A;
HLM ZD2;ZD2;REP PAI DG;REPRISE PAIEMENTS DG S50;NULL;N/A;
HLM ZD3;ZD3;REP PAI DG;REPRISE PAIEMENTS DG U70;NULL;N/A;
HLM ZDG;ZDG;REP. DEPOT;REPRISE DEPOTS GARANTIES;NULL;N/A;
HLM ZS1;ZS1;REP SOLDE ;REPRISE SOLDE LOC AOTEP ;NULL;N/A;
HLM ZS2;ZS2;REP SOLDE ;REPRISE SOLDE LOC LUTECE;NULL;N/A;
HLM ZS3;ZS3;REP CA SFL;REPRISE CA SFL          ;NULL;N/A;
HLM ZSO;ZSO;REP. SOLDE;REPRISE SOLDE LOC. FH   ;NULL;N/A;
ACC M09;M09;ARKEA DIV ;ARKEA DIV 0165317844149 ;NULL;N/A;
HLM BC9;BC9;ARKEA DIV ;ARKEA DIV 0052672504241 ;NULL;N/A;
SEA M09;M09;ARKEA DIV ;ARKEA DIV 0165317844149 ;NULL;SEA;
V90 BC9;BC9;ARKEA DIV ;ARKEA DIV 0052672504241 ;NULL;V90;
HLM ODB;ODB;OD FC-BL  ;OD FC-BL-SL-KM V90      ;NULL;N/A;
HLM ODC;ODC;OD CLOTURE;OD CLOTURE              ;NULL;N/A;
V90 ODB;ODB;OD FC-BL  ;OD FC-BL-SL-KM V90      ;NULL;V90;
V90 ODC;ODC;OD CLOTURE;OD CLOTURE              ;NULL;V90;
ONV ACH;ACH;ACHATS    ;ACHATS                  ;NULL;ONV;
ONV ANA;ANA;OPE ANA   ;OPERATIONS ANALYTIQUES  ;NULL;ONV;
ONV APL;APL;APL/AL FH ;APL/AL FH               ;NULL;ONV;
ONV BUD;BUD;OPE BUDGET;OPERATIONS BUDGETAIRES  ;NULL;ONV;
ONV FAC;FAC;Jnl Fact  ;Journal de facturation  ;NULL;ONV;
ONV LIA;LIA;LIAISON   ;LIAISON AUTO.           ;NULL;ONV;
ONV MIG;MIG;RepMigr   ;Reprise Migration       ;NULL;ONV;
ONV ODF;ODF;OD        ;OPERATIONS DIVERSES     ;NULL;ONV;
ONV ODG;ODG;O.D       ;OPERATIONS DIVERSES     ;NULL;ONV;
ONV ODL;ODL;OD LOC    ;OD LOCATIVE             ;NULL;ONV;
ONV ODT;ODT;OD TVA    ;OPER.DIVERSES TVA       ;NULL;ONV;
ONV RAN;RAN;A NOUVEAU ;REPORT A NOUVEAU        ;NULL;ONV;
ONV QFH;QFH;QUITT FH  ;QUITTANCEMENT FH        ;NULL;ONV;
ONV QUI;QUI;QUITTANCEM;QUIT A LA DEMANDE HLM   ;NULL;ONV;
SEA RAE;RAE;RAN SEA   ;REPRISE RAN SEA         ;NULL;SEA;
ADL FNP;FNP;OD FNP    ;OD FNP AUTO ET MANUEL   ;NULL;ADL;
ONV FNP;FNP;OD FNP    ;OD FNP AUTO ET MANUEL   ;NULL;ONV;
SEA FNP;FNP;OD FNP    ;OD FNP AUTO ET MANUEL   ;NULL;SEA;
SES FNP;FNP;OD FNP    ;OD FNP AUTO ET MANUEL   ;NULL;SES;
SLA FNP;FNP;OD FNP    ;OD FNP AUTO ET MANUEL   ;NULL;SLA;
V90 FNP;FNP;OD FNP    ;OD FNP AUTO ET MANUEL   ;NULL;V90;
AC2 ACH;ACH;ACHATS    ;ACHATS                  ;NULL;N/A;
AC2 ANA;ANA;OPE ANA   ;OPERATIONS ANALYTIQUES  ;NULL;N/A;
AC2 B01;B01;BRED PARIS;BRED PARIS              ;NULL;N/A;
AC2 BUD;BUD;OPE BUDGET;OPERATIONS BUDGETAIRES  ;NULL;N/A;
AC2 FNP;FNP;OD FNP    ;OD FNP AUTO ET MANUEL   ;NULL;N/A;
AC2 LIA;LIA;LIAISON   ;LIAISON AUTO.           ;NULL;N/A;
AC2 ODC;ODC;OD CLOTURE;OD CLOTURE              ;NULL;N/A;
AC2 ODF;ODF;OD        ;OPERATIONS DIVERSES     ;NULL;N/A;
AC2 ODG;ODG;O.D       ;OPERATIONS DIVERSES     ;NULL;N/A;
AC2 ODT;ODT;OD TVA    ;OPER.DIVERSES TVA       ;NULL;N/A;
AC2 RAN;RAN;A NOUVEAU ;REPORT A NOUVEAU        ;NULL;N/A;
AC2 RE0;RE0;REGLT ZER ;REGLEMENT A ZERO        ;NULL;N/A;
AC2 REM;REM;REMB EMP  ;REMBOURSEMENT EMPRUNTS  ;NULL;N/A;
AC2 WIM;WIM;WIM       ;Interface WIM           ;NULL;N/A;
ADL AD6;AD6;CE LIVRETA;ADL CE LIVRET A         ;NULL;ADL;
INT AD6;AD6;CE LIV A  ;ADL CE LIVRET A         ;NULL;N/A;
V90 AD1;AD1;CDC AOTEP ;CDC AOTEP               ;NULL;V90;
V90 AE1;AE1;CE FH     ;CE France Habitation    ;NULL;V90;
V90 AE2;AE2;CE AOTEP  ;CE AOTEP                ;NULL;V90;
V90 AE3;AE3;CE AOTEP  ;CE AOTEP                ;NULL;V90;
V90 AE4;AE4;CE AOTEP  ;CE AOTEP                ;NULL;V90;
V90 AE5;AE5;CE AOTEP  ;CE AOTEP                ;NULL;V90;
V90 AE6;AE6;CE AO LYON;Caisse d'Epargne Lyon   ;NULL;V90;
V90 AE7;AE7;LIV CE AOT;LIVRET C.EPARGNE AOTEP  ;NULL;V90;
V90 AE8;AE8;CE DONATIO;C.E DONATION            ;NULL;V90;
V90 ANA;ANA;OPE ANA   ;OPERATIONS ANALYTIQUES  ;NULL;V90;
V90 AP1;AP1;TP AOTEP  ;TRESOR PUBLIC AOTEP     ;NULL;V90;
V90 APL;APL;APL/AL    ;APL/AL                  ;NULL;V90;
V90 BC1;BC1;B.C.M.E   ;B.C.M.E                 ;NULL;V90;
V90 BC2;BC2;ACTIV EP1 ;ACTIV EPARGNE 1         ;NULL;V90;
V90 BC3;BC3;ACTIV EP2 ;ACTIV EPARGNE 2         ;NULL;V90;
V90 BC4;BC4;LIV INSTIT;LIVRET INSTITUTIONNEL   ;NULL;V90;
V90 BUD;BUD;OPE BUDGET;OPERATIONS BUDGETAIRES  ;NULL;V90;
V90 CAA;CAA;CAI AOTEP ;CAISSE AOTEP            ;NULL;V90;
V90 CAF;CAF;CAISSE FH ;CAISSE FH               ;NULL;V90;
V90 CAL;CAL;CAISSE LF ;CAISSE LF               ;NULL;V90;
V90 CAN;CAN;CAISSE GL ;CAISSE GEN LECLERC      ;NULL;V90;
V90 CAP;CAP;CAISSE FHP;CAISSE PRETS FH         ;NULL;V90;
V90 CAT;CAT;CAI LUTECE;CAISSE LA LUTECE        ;NULL;V90;
V90 CPM;CPM;CAP MANUEL;CAP MANUELLES           ;NULL;V90;
V90 EMP;EMP;EMPRUNTS  ;EMPRUNTS                ;NULL;V90;
V90 EUR;EUR;BASC. EURO;BASCULE EURO            ;NULL;V90;
V90 FC1;FC1;CCP       ;CCP                     ;NULL;V90;
V90 FD1;FD1;CDC       ;CAISSE DES DEPOTS ET CON;NULL;V90;
V90 FD2;FD2;CDC V90P  ;CDC FH PRETS            ;NULL;V90;
V90 FE1;FE1;CE        ;CAISSE D'EPARGNE        ;NULL;V90;
V90 FE2;FE2;CE HLM ACC;CAISSE D'EPARGNE HLM ACC;NULL;V90;
V90 FE3;FE3;CE AQUITAI;CAISSE D'EPARGNE AQUITAI;NULL;V90;
V90 FE4;FE4;CE AUGCAP ;CE AUG CAPITAL          ;NULL;V90;
V90 FE5;FE5;CEPARIS FH;CAISSE EPARGNE PARIS    ;NULL;V90;
V90 FF1;FF1;CF FH1    ;CREDIT FONCIER  FH (1)  ;NULL;V90;
V90 FF2;FF2;CFB  FH2  ;CREDIT FONCIER  FH (2)  ;NULL;V90;
V90 FG1;FG1;SG        ;STE GENERALE            ;NULL;V90;
V90 FG2;FG2;SG CHARTRE;STE GENERALE CHARTRES   ;NULL;V90;
V90 FG3;FG3;SG LYON   ;STE GENERALE LYON SENIC ;NULL;V90;
V90 FG4;FG4;SG CAEN   ;STE GENERALE CAEN TIRARD;NULL;V90;
V90 FG5;FG5;SG TOULOUS;STE GENERALE TOULOUSE   ;NULL;V90;
V90 FG6;FG6;SG PRETS  ;STE GENERALE PRETS      ;NULL;V90;
V90 FL1;FL1;DEXIA     ;DEXIA CREDIT LOCAL      ;NULL;V90;
V90 HOR;HOR;HORS TRESO;ODG HORS TRESO          ;NULL;V90;
V90 INV;INV;INVENTAIRE;INVENTAIRE              ;NULL;V90;
V90 LA1;LA1;CA        ;CREDIT AGRICOLE         ;NULL;V90;
V90 LA2;LA2;CA LECLERC;CREDIT AGRICOLE LECLERC ;NULL;V90;
V90 LC1;LC1;CCP       ;CCP                     ;NULL;V90;
V90 LC2;LC2;CCP LIVR A;CCP LIVRET A            ;NULL;V90;
V90 LD1;LD1;CDC       ;CAISSE DES DEPOTS ET CON;NULL;V90;
V90 LD2;LD2;CDC LF    ;CDC LF                  ;NULL;V90;
V90 LE1;LE1;CE        ;CAISSE D'EPARGNE        ;NULL;V90;
V90 LF1;LF1;CFB       ;CREDIT FONCIER BANQUE   ;NULL;V90;
V90 LIA;LIA;LIAISON   ;LIAISON AUTO.           ;NULL;V90;
V90 LL1;LL1;CLF       ;CREDIT LOCAL DE FRANCE  ;NULL;V90;
V90 NG1;NG1;SG        ;SOCIETE GENERALE (069)  ;NULL;V90;
V90 NG2;NG2;CE PARIS  ;CE PARIS (069)          ;NULL;V90;
V90 NG3;NG3;CCP 069   ;CCP  (069)              ;NULL;V90;
HLM TC3;TC3;DIV       ;DIV 4179036L020      LBP;NULL;N/A;
V90 ODA;ODA;OD AOTEP  ;OD AOTEP                ;NULL;V90;
V90 ODF;ODF;OD FH     ;OPERATIONS DIVERSES FH  ;NULL;V90;
V90 ODG;ODG;O.D       ;OPERATIONS DIVERSES     ;NULL;V90;
V90 ODI;ODI;OD LUTECE ;OD LA LUTECE            ;NULL;V90;
V90 ODL;ODL;OD LF     ;OPERATIONS DIVERSES LF  ;NULL;V90;
V90 TC3;TC3;LBP DIV   ;LBP DIV 4179036L020     ;NULL;V90;
ADL AD5;AD5;BQ POSTALE;BQ POSTALE 4955068Z020  ;NULL;ADL;
INT AD5;AD5;BQ POSTALE;BQ POSTALE 4955068Z020  ;NULL;N/A;
HLM BC7;BC7;ARKEA DIV ;ARKEA DIV 0682449884214 ;NULL;N/A;
V90 BC7;BC7;ARKEA DIV ;ARKEA DIV 0682449884214 ;NULL;V90;
SES SLV;SLV;SALVI AMOR;SALVIA AMORTISSEMENTS   ;NULL;SES;
V90 SLV;SLV;SALVI AMOR;SALVIA AMORTISSEMENTS   ;NULL;V90;
HL1 LIA;LIA;LIAISON   ;LIAISON AUTO.           ;NULL;N/A;
SEM EUR;EUR;BASC. EURO;BASCULE EURO            ;NULL;SEM;
SEM MIG;MIG;RepMigr   ;Reprise Migration       ;NULL;SEM;
SEM ODB;ODB;OD FC-BL  ;OD FC-BL-SL-KM V90      ;NULL;SEM;
SEM ODD;ODD;OD IMMO EN;OD RECL IMMO ENCOURS    ;NULL;SEM;
SEM ODI;ODI;OD LOC    ;OD LOC                  ;NULL;SEM;
SEM ODO;ODO;OD POT GOP;OD POT GOP              ;NULL;SEM;
SEM QFH;QFH;QUITT     ;QUITTANCEMENT           ;NULL;SEM;
SEM QUI;QUI;QUITTANCEM;QUIT A LA DEMANDE HLM   ;NULL;SEM;
SEM RDL;RDL;Jnl RDL   ;Journal RDL             ;NULL;SEM;
SEM REC;REC;CH LO FO C;REG CH.LOC FORF CREDIT  ;NULL;SEM;
SEM RED;RED;CH LO FO D;REG CH.LOC FORF DEBIT   ;NULL;SEM;
SEM ZDG;ZDG;REP. DEPOT;REPRISE DEPOTS GARANTIES;NULL;SEM;
SEM ZSO;ZSO;REP. SOLDE;REPRISE SOLDE LOC.      ;NULL;SEM;
HLM BCA;BCA;ARKEA DIV ;ARKEA DIV 00526725042   ;NULL;N/A;
V90 BCA;BCA;ARKEA DIV ;ARKEA DIV 00526725042   ;NULL;V90;
HLM A01;A01;ACHAT REP ;ACHAT REP SLA           ;NULL;N/A;
HLM OD5;OD5;OD REP SLA;OD REPRISE SLA          ;NULL;N/A;
HLM P02;P02;REP P02   ;REP JOURNAL SLA         ;NULL;N/A;
HLM QSA;QSA;QUIT REP  ;QUIT REPRISE SLA        ;NULL;N/A;
HLM RAM;RAM;RAN REP S ;RAN REPRISE SLA         ;NULL;N/A;
SLA A01;A01;ACHAT REP ;ACHAT REP SLA           ;NULL;SLA;
SLA OD5;OD5;OD REP SLA;OD REPRISE SLA          ;NULL;SLA;
SLA P02;P02;REP P02   ;REP JOURNAL SLA         ;NULL;SLA;
SLA QSA;QSA;QUIT REP  ;QUIT REPRISE SLA        ;NULL;SLA;
SLA RAM;RAM;RAN REP S ;RAN REPRISE SLA         ;NULL;SLA;
HLM RDL;RDL;Jnl RDL   ;Journal RDL             ;NULL;N/A;
V90 RDL;RDL;Jnl RDL   ;Journal RDL             ;NULL;V90;
FOY FSG;FSG;SG 771393 ;SOCIETE GENERALE 771393 ;NULL;N/A;
SES FSG;FSG;SG 771393 ;SOCIETE GENERALE 771393 ;NULL;SES;
BRE ACH;ACH;ACHATS    ;ACHATS                  ;NULL;BRE;
BRE ANA;ANA;OPE ANA   ;OPERATIONS ANALYTIQUES  ;NULL;BRE;
BRE B01;B01;BRED PARIS;BRED PARIS              ;NULL;BRE;
BRE BUD;BUD;OPE BUDGET;OPERATIONS BUDGETAIRES  ;NULL;BRE;
BRE FNP;FNP;OD FNP    ;OD FNP AUTO ET MANUEL   ;NULL;BRE;
BRE LIA;LIA;LIAISON   ;LIAISON AUTO.           ;NULL;BRE;
BRE ODC;ODC;OD CLOTURE;OD CLOTURE              ;NULL;BRE;
BRE ODF;ODF;OD        ;OPERATIONS DIVERSES     ;NULL;BRE;
BRE ODG;ODG;O.D       ;OPERATIONS DIVERSES     ;NULL;BRE;
BRE ODT;ODT;OD TVA    ;OPER.DIVERSES TVA       ;NULL;BRE;
BRE RAN;RAN;A NOUVEAU ;REPORT A NOUVEAU        ;NULL;BRE;
BRE RE0;RE0;REGLT ZER ;REGLEMENT A ZERO        ;NULL;BRE;
BRE REM;REM;REMB EMP  ;REMBOURSEMENT EMPRUNTS  ;NULL;BRE;
BRE WIM;WIM;WIM       ;Interface WIM           ;NULL;BRE;
HL1 ANA;ANA;Analytique;Analytique              ;NULL;N/A;
HL1 APL;APL;APL/AL    ;APL/AL                  ;NULL;N/A;
HL1 EUR;EUR;BASC. EURO;BASCULE EURO            ;NULL;N/A;
HL1 MIG;MIG;RepMigr   ;Reprise Migration       ;NULL;N/A;
HL1 ODB;ODB;OD FC-BL  ;OD FC-BL-SL-KM V90      ;NULL;N/A;
HL1 ODC;ODC;OD CLOTURE;OD CLOTURE              ;NULL;N/A;
HL1 ODD;ODD;OD IMMO EN;OD RECL IMMO ENCOURS    ;NULL;N/A;
HL1 ODF;ODF;OD        ;OD                      ;NULL;N/A;
HL1 ODG;ODG;OD        ;ODG                     ;NULL;N/A;
HL1 ODI;ODI;OD LOC    ;OD LOC                  ;NULL;N/A;
HL1 ODO;ODO;OD POT GOP;OD POT GOP              ;NULL;N/A;
HLM ABF;ABF;BQE FRANCE;BANQUE DE FRANCE        ;NULL;N/A;
HLM AC1;AC1;CCP AOTEP ;CCP AOTEP               ;NULL;N/A;
HLM AD1;AD1;CDC AOTEP ;CDC AOTEP               ;NULL;N/A;
HLM AE1;AE1;CE FH     ;CAISSE D'EPARGNE FH     ;NULL;N/A;
HLM AE2;AE2;CE ACC AOT;CE ACCESSION AOTEP      ;NULL;N/A;
HLM AE3;AE3;CE AO LYON;CAISSE D'EPARGNE LYON   ;NULL;N/A;
HLM AE4;AE4;CE LIV AOT;CE LIVRET A AOTEP       ;NULL;N/A;
HLM AE5;AE5;CE LIV AOT;CE LIVRET A AOTEP       ;NULL;N/A;
HLM AE6;AE6;CE AO LYON;Caisse d'Epargne Lyon   ;NULL;N/A;
HLM AE7;AE7;LIV CE AOT;LIVRET C.EPARGNE AOTEP  ;NULL;N/A;
HLM AE8;AE8;CE DONATIO;C.E DONATION            ;NULL;N/A;
HLM ANA;ANA;Analytique;Analytique              ;NULL;N/A;
HLM AP1;AP1;TP AOTEP  ;TP AOTEP                ;NULL;N/A;
HLM APL;APL;APL/AL FH ;APL/AL FH               ;NULL;N/A;
HLM BC1;BC1;B.C.M.E   ;B.C.M.E                 ;NULL;N/A;
HLM BC2;BC2;ACTIV EP1 ;ACTIV EPARGNE 1         ;NULL;N/A;
HLM BC3;BC3;ACTIV EP2 ;ACTIV EPARGNE 2         ;NULL;N/A;
HLM BC4;BC4;LIV INSTIT;LIVRET INSTITUTIONNEL   ;NULL;N/A;
HLM CAA;CAA;CAI AOTEP ;CAISSE AOTEP            ;NULL;N/A;
HLM CAF;CAF;CAISSE FH ;CAISSE FH               ;NULL;N/A;
HLM CAL;CAL;CAISSE LF ;CAISSE LF               ;NULL;N/A;
HLM CAN;CAN;CAISSE GL ;CAISSE GEN LECLERC      ;NULL;N/A;
HLM CAP;CAP;CAISSE FHP;CAISSE PRETS FH         ;NULL;N/A;
HLM CAT;CAT;CAI LUTECE;CAISSE LA LUTECE        ;NULL;N/A;
HLM EUR;EUR;BASC. EURO;BASCULE EURO            ;NULL;N/A;
HLM FC1;FC1;CCP FH    ;CCP FH                  ;NULL;N/A;
HLM FD1;FD1;CDC FH    ;CDC FH                  ;NULL;N/A;
HLM FD2;FD2;CDC V90P  ;CDC FH PRETS            ;NULL;N/A;
HLM FE1;FE1;CE FH     ;CAISSE D'EPARGNE FH     ;NULL;N/A;
HLM FE2;FE2;CE ACC FH ;CE HLM ACC FH           ;NULL;N/A;
HLM FE3;FE3;CE AQUI FH;CE AQUITAINE FH         ;NULL;N/A;
HLM FE4;FE4;CE LYON   ;CERHONE ALPES LYON      ;NULL;N/A;
HLM FE5;FE5;CEPARIS FH;CAISSE EPARGNE PARIS FH ;NULL;N/A;
HLM FG1;FG1;SG FH     ;STE GENERALE FH         ;NULL;N/A;
HLM FG2;FG2;SG CHAR FH;SG CHARTRES FH          ;NULL;N/A;
HLM FG3;FG3;SG LYON FH;SG LYON SENIC FH        ;NULL;N/A;
HLM FG4;FG4;SG CAEN FH;SG CAEN TIRARD FH       ;NULL;N/A;
HLM FG5;FG5;SG TOUL FH;SG TOULOUSE FH          ;NULL;N/A;
HLM FG6;FG6;SG PRET FH;SG PRETS FH             ;NULL;N/A;
HLM FL1;FL1;DEXIA     ;DEXIA CREDIT LOCAL      ;NULL;N/A;
HL1 QFH;QFH;QUITT     ;QUITTANCEMENT           ;NULL;N/A;
HL1 QUI;QUI;QUITTANCEM;QUIT A LA DEMANDE HLM   ;NULL;N/A;
HL1 RAN;RAN;A NOUVEAU ;REPORT A NOUVEAU        ;NULL;N/A;
HL1 RDL;RDL;Jnl RDL   ;Journal RDL             ;NULL;N/A;
HL1 REC;REC;CH LO FO C;REG CH.LOC FORF CREDIT  ;NULL;N/A;
HL1 RED;RED;CH LO FO D;REG CH.LOC FORF DEBIT   ;NULL;N/A;
HL1 SE1;SE1;BRED      ;BRED                    ;NULL;N/A;
HL1 SE2;SE2;BQ POSTALE;BANQUE POSTALE          ;NULL;N/A;
HL1 ZDG;ZDG;REP. DEPOT;REPRISE DEPOTS GARANTIES;NULL;N/A;
HL1 ZSO;ZSO;REP. SOLDE;REPRISE SOLDE LOC.      ;NULL;N/A;
SEM ACH;ACH;ACHATS    ;ACHATS                  ;NULL;SEM;
SEM ANA;ANA;OPE ANA   ;OPERATIONS ANALYTIQUES  ;NULL;SEM;
SEM BUD;BUD;OPE BUDGET;OPERATIONS BUDGETAIRES  ;NULL;SEM;
SEM FNP;FNP;OD FNP    ;OD FNP AUTO ET MANUEL   ;NULL;SEM;
SEM LIA;LIA;LIAISON   ;LIAISON AUTO.           ;NULL;SEM;
SEM ODC;ODC;OD CLOTURE;OD CLOTURE              ;NULL;SEM;
SEM ODF;ODF;OD        ;OPERATIONS DIVERSES     ;NULL;SEM;
SEM ODG;ODG;O.D       ;OPERATIONS DIVERSES     ;NULL;SEM;
SEM ODT;ODT;OD TVA    ;OPER.DIVERSES TVA       ;NULL;SEM;
SEM RAN;RAN;A NOUVEAU ;REPORT A NOUVEAU        ;NULL;SEM;
SEM SE1;SE1;BRED      ;BRED                    ;NULL;SEM;
SEM SE2;SE2;BQ POSTALE;BANQUE POSTALE          ;NULL;SEM;
A69 ACH;ACH;ACHATS    ;ACHATS                  ;NULL;A69;
A69 ANA;ANA;OPE ANA.  ;OPERATION ANALYTIQUE    ;NULL;A69;
A69 CAN;CAN;CAISSE GL ;CAISSE GEN LECLERC      ;NULL;A69;
A69 CPM;CPM;CAP MANUEL;CAP MANUELLES           ;NULL;A69;
A69 EMP;EMP;EMPRUNTS  ;EMPRUNTS                ;NULL;A69;
A69 EUR;EUR;BASC. EURO;BASCULE EURO            ;NULL;A69;
A69 HOR;HOR;HORS TRESO;OGD HORS TRESO          ;NULL;A69;
A69 INV;INV;INVENTAIRE;INVENTAIRE              ;NULL;A69;
A69 LIA;LIA;LIAISON   ;LIAISON AUTO.           ;NULL;A69;
A69 NG1;NG1;SG        ;SOCIETE GENERALE        ;NULL;A69;
A69 NO1;NO1;SANP G.LEC;SANPAOLO GENERAL LECLERC;NULL;A69;
A69 ODG;ODG;O.D       ;OPERATIONS DIVERSES     ;NULL;A69;
A69 ODN;ODN;OD GEN LEC;OD GENERAL LECLERC      ;NULL;A69;
A69 ODT;ODT;OD TVA    ;OPER.DIVERSES TVA       ;NULL;A69;
A69 PAI;PAI;PAIE      ;PAIE                    ;NULL;A69;
A69 QLC;QLC;QUITT     ;QUITTANCEMENT 069       ;NULL;A69;
A69 RAN;RAN;A NOUVEAU ;REPORT A NOUVEAU        ;NULL;A69;
A69 REM;REM;REMB EMPR ;REMBOURSEMENT EMPRUNTS  ;NULL;A69;
A69 REP;REP;REPRISES  ;REPRISES                ;NULL;A69;
A69 VCA;VCA;CREDIT AGR;CREDIT AGRICOLE G;LECLER;NULL;A69
V90 ABF;ABF;BQE FRANCE;BANQUE DE FRANCE        ;NULL;V90;
V90 AC1;AC1;CCP AOTEP ;CCP AOTEP               ;NULL;V90;
V90 ACH;ACH;ACHATS    ;ACHATS                  ;NULL;V90;
HLM AE9;AE9;CE FH VIR ;CAISSE EPARGNE VIR LOC  ;NULL;N/A;
V90 AE9;AE9;CE FH     ;CAISSE EPARGNE VIR LOC  ;NULL;V90;
HLM EA2;EA2;CE CL ATH ;CE COMPTE LIVRET SOC ATH;NULL;N/A;
HLM EA3;EA3;LIV A ATH ;CE LIVRET A ATHEGIENNE  ;NULL;N/A;
V90 EA2;EA2;CE CL ATH ;CE COMPTE LIVRET SOC ATH;NULL;V90;
V90 EA3;EA3;LIV A ATH ;CE LIVRET A ATHEGIENNE  ;NULL;V90;
HLM ED1;ED1;CDC ATHE  ;CDC ATHEGIENNE          ;NULL;N/A;
HLM ED2;ED2;CAT OAT AT;CAT OAT CDC ATH         ;NULL;N/A;
V90 ED1;ED1;CDC ATHE  ;CDC ATHEGIENNE          ;NULL;V90;
V90 ED2;ED2;CAT OAT AT;CAT OAT CDC ATH         ;NULL;V90;
FOY MIG;MIG;RepMigr   ;Reprise Migration       ;NULL;N/A;
SES MIG;MIG;RepMigr   ;Reprise Migration       ;NULL;SES;
FOY FBP;FBP;BP SES    ;BANQUE POSTALE SES      ;NULL;N/A;
FOY FBR;FBR;BRED SES  ;BRED SES                ;NULL;N/A;
FOY FCE;FCE;CE SES    ;CAISSSE D'EPARGNE SES   ;NULL;N/A;
SES ACH;ACH;ACHATS    ;ACHATS                  ;NULL;SES;
SES ANA;ANA;OPE ANA   ;OPERATIONS ANALYTIQUES  ;NULL;SES;
SES APL;APL;APL/AL    ;APL/AL                  ;NULL;SES;
SES BUD;BUD;OPE BUDGET;OPERATIONS BUDGETAIRES  ;NULL;SES;
SES FAC;FAC;Jnl Fact  ;Journal de Facturation  ;NULL;SES;
SES FBP;FBP;BP SES    ;BANQUE POSTALE SES      ;NULL;SES;
SES FBR;FBR;BRED SES  ;BRED SES                ;NULL;SES;
V90 ODN;ODN;OD GEN LEC;OD GENERAL LECLERC      ;NULL;V90;
V90 ODO;ODO;OD POT GOP;OD POT GOP              ;NULL;V90;
V90 ODP;ODP;OD FH PRET;OPERATIONS DIVERSES FHP ;NULL;V90;
V90 ODS;ODS;OD SINISTR;OPER.DIVERSES SINISTRE  ;NULL;V90;
V90 ODT;ODT;OD TVA    ;OPER.DIVERSES TVA       ;NULL;V90;
V90 PAI;PAI;PAIE      ;PAIE                    ;NULL;V90;
V90 QFH;QFH;QUITT     ;QUITTANCEMENT V90       ;NULL;V90;
V90 QFP;QFP;QUITT FHP ;QUITTANCEMENT FH PRETS  ;NULL;V90;
V90 QLC;QLC;QUITT     ;QUITTANCEMENT 069       ;NULL;V90;
V90 QLF;QLF;QUITT     ;QUITTANCEMENT T60       ;NULL;V90;
V90 QUA;QUA;QUITT AOTE;QUITT. AOTEP            ;NULL;V90;
V90 QUI;QUI;QUITTANCEM;QUIT A LA DEMANDE HLM   ;NULL;V90;
V90 QUT;QUT;QUITT LUTE;QUITT. LA LUTECE        ;NULL;V90;
V90 RA1;RA1;REG RAN   ;REGUL REPORT A NOUVEAU  ;NULL;V90;
V90 RAA;RAA;A NOUVEAU ;REPORT A NOUVEAU IMO    ;NULL;V90;
V90 RAF;RAF;RAN EX LF ;RAN EX LOGTS FAMIL      ;NULL;V90;
V90 RAL;RAL;RAN EX LUT;RAN EX LUTECE           ;NULL;V90;
V90 RAN;RAN;A NOUVEAU ;REPORT A NOUVEAU        ;NULL;V90;
V90 REC;REC;CH LO FO C;REG CH.LOC FORF CREDIT  ;NULL;V90;
V90 RED;RED;CH LO FO D;REG CH.LOC FORF DEBIT   ;NULL;V90;
V90 REM;REM;REMB EMP  ;REMBOURSEMENT EMPRUNTS  ;NULL;V90;
V90 REP;REP;REPRISES  ;REPRISES                ;NULL;V90;
V90 RPL;RPL;REP PAT LY;REPRISE PATRIMOINE LYON ;NULL;V90;
V90 TB1;TB1;BNP LUTECE;BNP LA LUTECE           ;NULL;V90;
V90 TC1;TC1;CCP LUTECE;CCP LA LUTECE           ;NULL;V90;
V90 TD1;TD1;CDC LUTECE;CDC LA LUTECE           ;NULL;V90;
V90 TD2;TD2;CDC LUTECE;CDC LA LUTECE           ;NULL;V90;
V90 TE1;TE1;CE LUTECE ;CE LA LUTECE            ;NULL;V90;
V90 TE2;TE2;CE L.A LUT;CE LIVRET A LA LUTECE   ;NULL;V90;
V90 TE3;TE3;CE L.A LUT;CE LIVRET A LA LUTECE   ;NULL;V90;
V90 TE7;TE7;LIV CE LUT;LIVRET C.EPARGNE LUTECE ;NULL;V90;
V90 TE8;TE8;CE CPT LIV;CE COMPTE SUR LIVRET    ;NULL;V90;
V90 XXX;XXX;Pôle 2    ;Pôle 2 : Temporaire     ;NULL;V90;
V90 ZD1;ZD1;REP PAI DG;REPRISE PAIEMENTS DEPOTS;NULL;V90;
V90 ZD2;ZD2;REP PAI DG;REPRISE PAIEMENTS DG S50;NULL;V90;
V90 ZD3;ZD3;REP PAI DG;REPRISE PAIEMENT DG U70 ;NULL;V90;
V90 ZDG;ZDG;REP. DEPOT;REPRISE DEPOTS GARANTIES;NULL;V90;
V90 ZS1;ZS1;REP SOLDE ;REPRISE SOLDE LOC AOTEP ;NULL;V90;
V90 ZS2;ZS2;REP SOLDE ;REPRISE SOLDE LOC S50   ;NULL;V90;
V90 ZSO;ZSO;REP. SOLDE;REPRISE SOLDE LOCATAIRE ;NULL;V90;
FOY ODL;ODL;OD LOC    ;OD LOCATIVE             ;NULL;N/A;
SES ODL;ODL;OD LOC    ;OD LOCATIVE             ;NULL;SES;
SLA ACH;ACH;ACHATS    ;ACHATS                  ;NULL;SLA;
SLA ODG;ODG;O.D       ;OPERATIONS DIVERSES     ;NULL;SLA;
SLA RAN;RAN;A NOUVEAU ;REPORT A NOUVEAU        ;NULL;SLA;
HLM S01;S01;HSBC Sog  ;HSBC (Sog)              ;NULL;N/A;
HLM S03;S03;CEP Sog   ;CEP (Sog)               ;NULL;N/A;
HLM S04;S04;BP SOG    ;BANQUE POSTALE SOG      ;NULL;N/A;
HLM S05;S05;CDC Sog   ;CDC (Sog)               ;NULL;N/A;
HLM S06;S06;SG SOG    ;STE GENERALE (SOG)      ;NULL;N/A;
HLM S07;S07;SG ASI    ;SOCIETE GENERALE ASI    ;NULL;N/A;
HLM S08;S08;LBP MASL  ;LA BANQUE POSTALE MSAL  ;NULL;N/A;
V90 S04;S04;BP SOG    ;BANQUE POSTALE SOG      ;NULL;V90;
V90 S07;S07;SG ASI    ;SOCIETE GENERALE ASI    ;NULL;V90;
V90 S08;S08;LBP MASL  ;LA BANQUE POSTALE MSAL  ;NULL;V90;
HLM S09;S09;BQ ESC L  ;BANQUE ESCOMPTE ASI     ;NULL;N/A;
V90 S09;S09;BQ ESC L  ;BANQUE ESCOMPTE ASI     ;NULL;V90;
HLM S10;S10;SG SOG    ;STE GENERALE SOG 100    ;NULL;N/A;
V90 S10;S10;SG SOG    ;SOCIETE GENERALE SOG 100;NULL;V90;
HLM S11;S11;BP ASI    ;BANQUE POSTALE ASI      ;NULL;N/A;
HLM S12;S12;CCO SOG   ;CREDIT COOPERATIF (SOG) ;NULL;N/A;
V90 S11;S11;BP ASI    ;BANQUE POSTALE ASI      ;NULL;V90;
V90 S12;S12;CCO SOG   ;CREDIT COOPERATIF (SOG) ;NULL;V90;
SLA EMP;EMP;EMPRUNTS  ;EMPRUNTS                ;NULL;SLA;
SLA ODC;ODC;OD CLOTURE;OD CLOTURE              ;NULL;SLA;
HLM S13;S13;LIV A CE  ;LIVRET A CE (SOG)       ;NULL;N/A;
HLM S14;S14;LIV A SOG ;LIVRET A SG (SOG)       ;NULL;N/A;
HLM S15;S15;SG SOG    ;SG (512115100) (SOG)    ;NULL;N/A;
HLM S16;S16;CA SOG    ;CREDIT AGRICOLE IDF(SOG);NULL;N/A;
HLM S17;S17;LIV A BP  ;LIVRET A BP (SOG)       ;NULL;N/A;
HLM S18;S18;CE (ASI)  ;CE (512103027)(ASI)     ;NULL;N/A;
HLM S20;S20;CPT TERM  ;CPT TERME(516100) (ASI) ;NULL;N/A;
V90 S13;S13;LIV A CE  ;LIVRET A CE (SOG)       ;NULL;V90;
V90 S14;S14;LIV A SOG ;LIVRET A SG (SOG)       ;NULL;V90;
V90 S15;S15;SG SOG    ;SG (512115100) (SOG)    ;NULL;V90;
V90 S16;S16;CA SOG    ;CREDIT AGRICOLE IDF(SOG);NULL;V90;
V90 S17;S17;LIV A BP  ;LIVRET A BP (SOG)       ;NULL;V90;
V90 S18;S18;CE (ASI)  ;CE (512103027)(ASI)     ;NULL;V90;
V90 S20;S20;CPT TERM  ;CPT TERME(516100) (ASI) ;NULL;V90;
HLM ODV;ODV;OD VAC SLA;OD VACANCE SLA          ;NULL;N/A;
SLA ODV;ODV;OD VAC SLA;OD VACANCE SLA          ;NULL;SLA;
FOY OD1;OD1;RETRO SGM ;FLUX RETROACTIFS SGM    ;NULL;N/A;
FOY OD2;OD2;VTES V90  ;VENTES FOYERS V90       ;NULL;N/A;
FOY OD3;OD3;RETR V90  ;FLUX RETROACTIFS V90    ;NULL;N/A;
FOY RAS;RAS;RAN SGM   ;REPRISE RAN SGM         ;NULL;N/A;
SES OD1;OD1;RETRO SGM ;FLUX RETROACTIFS SGM    ;NULL;SES;
SES OD2;OD2;VTES V90  ;VENTES FOYERS V90       ;NULL;SES;
SES OD3;OD3;RETR V90  ;FLUX RETROACTIFS V90    ;NULL;SES;
SES RAS;RAS;RAN SGM   ;REPRISE RAN SGM         ;NULL;SES;
HLM D60;D60;DMX CA    ;DMX CA CSL 65001628806  ;NULL;N/A;
HLM D70;D70;DMX CRCA  ;DMX CRCA 35767332001    ;NULL;N/A;
HLM D71;D71;DMX BQ SG ;DMX BQ SG               ;NULL;N/A;
HLM D72;D72;DMX CN    ;DMX CREDIT DU NORD      ;NULL;N/A;
HLM D73;D73;DMX BF    ;DMX BF CT COOP          ;NULL;N/A;
HLM D74;D74;DMX BQ EDE;DMX BANQUE EDEL         ;NULL;N/A;
HLM D75;D75;DMX CAT   ;DMX CAT BQUE TRANSATLANT;NULL;N/A;
SEA M01;M01; BRED C.C ; BRED C.C               ;NULL;SEA;
SEA M02;M02; ARKEA C.C; ARKEA C.C              ;NULL;SEA;
SEA M03;M03;LA BANQUE ;LA BANQUE POSTALE       ;NULL;SEA;
SEA M04;M04;CE LIV A  ;CAISSE D'EPARGNE Liv A  ;NULL;SEA;
SEA M05;M05;CAISSE CC ;CAISSE D'EPARGNE C.C.   ;NULL;SEA;
SEA M06;M06;CE CC PREM;CE CC PREMIUM           ;NULL;SEA;
SEA M07;M07;CN PREM   ;CREDIT DU NORD PREMIUM  ;NULL;SEA;
SEA M08;M08;CE LIV    ;CE LIVRET LO PREMIUM    ;NULL;SEA;
ADL APL;APL;APL/AL FH ;APL/AL FH               ;NULL;ADL;
ADL FAC;FAC;Jnl Fact  ;Journal de facturation  ;NULL;ADL;
ADL MIG;MIG;RepMigr   ;Reprise Migration       ;NULL;ADL;
ADL ODL;ODL;OD LOC    ;OD LOCATIVE             ;NULL;ADL;
INT APL;APL;APL/AL FH ;APL/AL FH               ;NULL;N/A;
INT FAC;FAC;Jnl Fact  ;Journal de facturation  ;NULL;N/A;
INT MIG;MIG;RepMigr   ;Reprise Migration       ;NULL;N/A;
INT ODL;ODL;OD LOC    ;OD LOCATIVE             ;NULL;N/A;
ADL ODF;ODF;OD        ;OPERATIONS DIVERSES     ;NULL;ADL;
ADL ODG;ODG;O.D       ;OPERATIONS DIVERSES     ;NULL;ADL;
FOY OD4;OD4;APA SGM   ;APA SGM                 ;NULL;N/A;
HLM OD1;OD1;SGM RETRO ;FLUX RETROACTIFS SGM    ;NULL;N/A;
HLM OD2;OD2;VENTE FOY ;VENTE FOYERS V90        ;NULL;N/A;
HLM OD3;OD3;V90 RETRO ;FLUX RETROACTIFS V90    ;NULL;N/A;
HLM OD4;OD4;RETRO ASI ;FLUX RETROACTIFS ASI    ;NULL;N/A;
HLM RAG;RAG;RAN SFM   ;REPRISE RAN SGM         ;NULL;N/A;
HLM RAI;RAI;RAN ASI   ;REPRISE RAN ASI         ;NULL;N/A;
INT ODF;ODF;OD        ;OPERATIONS DIVERSES     ;NULL;N/A;
INT ODG;ODG;O.D       ;OPERATIONS DIVERSES     ;NULL;N/A;
SEA ACH;ACH;ACHATS    ;ACHATS                  ;NULL;SEA;
SES OD4;OD4;APA SGM   ;APA SGM                 ;NULL;SES;
V90 OD1;OD1;SGM RETRO ;FLUX RETROACTIFS SGM    ;NULL;V90;
V90 OD2;OD2;VENTE FOY ;VENTE FOYERS V90        ;NULL;V90;
V90 OD3;OD3; V90 RETRO;FLUX RETROACTIFS V90    ;NULL;V90;
V90 OD4;OD4; RETRO ASI;FLUX RETROACTIFS ASI    ;NULL;V90;
V90 RAG;RAG;RAN SFM   ;REPRISE RAN SGM         ;NULL;V90;
V90 RAI;RAI;RAN ASI   ;REPRISE RAN ASI         ;NULL;V90;
ACC ACH;ACH;ACHATS    ;ACHATS                  ;NULL;N/A;
ACC ANA;ANA;OPE ANA   ;OPERATIONS ANALYTIQUES  ;NULL;N/A;
ACC BUD;BUD;OPE BUDGET;OPERATIONS BUDGETAIRES  ;NULL;N/A;
ACC LIA;LIA;LIAISON   ;LIAISON AUTO.           ;NULL;N/A;
ACC M01;M01; BRED C.C ; BRED C.C               ;NULL;N/A;
ACC M02;M02; ARKEA C.C; ARKEA C.C              ;NULL;N/A;
ACC M03;M03;LA BANQUE ;LA BANQUE POSTALE       ;NULL;N/A;
ACC M04;M04;CE LIV A  ;CAISSE D'EPARGNE Liv A  ;NULL;N/A;
ACC M05;M05;CAISSE CC ;CAISSE D'EPARGNE C.C.   ;NULL;N/A;
ACC M06;M06;CE CC PREM;CE CC PREMIUM           ;NULL;N/A;
ACC M07;M07;CN PREM   ;CREDIT DU NORD PREMIUM  ;NULL;N/A;
ACC M08;M08;CE LIV    ;CE LIVRET LO PREMIUM    ;NULL;N/A;
ACC ODF;ODF;OD        ;OPERATIONS DIVERSES     ;NULL;N/A;
ACC ODG;ODG;O.D       ;OPERATIONS DIVERSES     ;NULL;N/A;
ACC ODT;ODT;OD TVA    ;OPER.DIVERSES TVA       ;NULL;N/A;
ACC PAI;PAI;PAIE      ;PAIE                    ;NULL;N/A;
ACC RAN;RAN;A NOUVEAU ;REPORT A NOUVEAU        ;NULL;N/A;
ACC REM;REM;REMB EMP  ;REMBOURSEMENT EMPRUNTS  ;NULL;N/A;
SEA ANA;ANA;OPE ANA   ;OPERATIONS ANALYTIQUES  ;NULL;SEA;
SEA BUD;BUD;OPE BUDGET;OPERATIONS BUDGETAIRES  ;NULL;SEA;
SEA LIA;LIA;LIAISON   ;LIAISON AUTO.           ;NULL;SEA;
SEA ODF;ODF;OD        ;OPERATIONS DIVERSES     ;NULL;SEA;
SEA ODG;ODG;O.D       ;OPERATIONS DIVERSES     ;NULL;SEA;
SEA PAI;PAI;PAIE      ;PAIE                    ;NULL;SEA;
SEA RAN;RAN;A NOUVEAU ;REPORT A NOUVEAU        ;NULL;SEA;
SEA REM;REM;REMB EMP  ;REMBOURSEMENT EMPRUNTS  ;NULL;SEA;
ADL ANA;ANA;OPE ANA   ;OPERATIONS ANALYTIQUES  ;NULL;ADL;
ADL BUD;BUD;OPE BUDGET;OPERATIONS BUDGETAIRES  ;NULL;ADL;
ADL LIA;LIA;LIAISON   ;LIAISON AUTO.           ;NULL;ADL;
ADL ODT;ODT;OD TVA    ;OPER.DIVERSES TVA       ;NULL;ADL;
INT ACH;ACH;ACHATS    ;ACHATS                  ;NULL;N/A;
INT AD1;AD1;ADL BRED  ;ADL BRED                ;NULL;N/A;
INT AD2;AD2;ADL BRED  ;ADL BRED   2101 8656 394;NULL;N/A;
INT AD3;AD3;ADL BP    ;ADL BANQUE POSTALE      ;NULL;N/A;
INT AD4;AD4;ADL CE    ;ADL CAISSE EPARGNE      ;NULL;N/A;
INT ANA;ANA;OPE ANA   ;OPERATIONS ANALYTIQUES  ;NULL;N/A;
INT BUD;BUD;OPE BUDGET;OPERATIONS BUDGETAIRES  ;NULL;N/A;
V90 QSH;QSH;QUIT SFL  ;QUITTANCEMENT SOFILOGIS ;NULL;V90;
V90 SA1;SA1;CA SFL    ;CREDIT AGRICOLE SOFILOGI;NULL;V90;
V90 SC1;SC1;CCP SFL   ;CCP SOFILOGIS           ;NULL;V90;
V90 SC2;SC2;CCP LOGIRE;CCP LOGIREL             ;NULL;V90;
V90 SD1;SD1;CDC SFL   ;CDC SOFILOGIS           ;NULL;V90;
V90 SE1;SE1;CA SFL    ;CAISSE EPARGNE SOFILOGIS;NULL;V90;
V90 SE2;SE2;CE SOFIREL;CAISSE EPARGNE SOFIREL  ;NULL;V90;
V90 SV1;SV1;BQ VEGA FI;BQE VEGA FINANCE SFL    ;NULL;V90;
V90 ZS3;ZS3;REP CA SFL;REPRISE CA SFL          ;NULL;V90;
???    ;???;INCONNU;INCONNU;???;???;
HLM PAS;PAS;PAIE SGM  ;PAIE SOGEMAC            ;NULL;N/A;
V90 PAS;PAS;PAIE SGM  ;PAIE SOGEMAC            ;NULL;V90;
HLM D02;D02;DMX BRED  ;DMX BRED 110.183.468    ;NULL;N/A;
HLM D03;D03;DMX BRED  ;DMX BRED AUG DE CAPITAL ;NULL;N/A;
HLM D04;D04;DMX BRED  ;DMX BRED 810.18.3495    ;NULL;N/A;
HLM D05;D05;DMX BRED  ;DMX BRED 550.14.0018    ;NULL;N/A;
HLM D06;D06;DMX BRED  ;DMX BRED LIVRET CSL     ;NULL;N/A;
HLM D10;D10;DMX BP    ;DMX BP 30821611859      ;NULL;N/A;
HLM D11;D11;DMX BP    ;DMX BP 22213082169      ;NULL;N/A;
HLM D12;D12;DMX BP    ;DMX LA BANQUE POSTALE   ;NULL;N/A;
HLM D13;D13;DMX ccp   ;DMX CCP 54911S020       ;NULL;N/A;
HLM D14;D14;DMX BP A  ;DMX LA BP LIVRET A      ;NULL;N/A;
HLM D15;D15;DMX BP    ;DMX CAT BP RIVES DE PARI;NULL;N/A;
HLM D20;D20;DMX CAT   ;DMX CAT ARKEA           ;NULL;N/A;
HLM D22;D22;DMX ARKEA ;DMX ARKEA               ;NULL;N/A;
HLM D23;D23;DMX ARKEA ;DMX ARKEA LIVRET A      ;NULL;N/A;
HLM D24;D24;DMX ARKEA ;DMX ARKEA LIVRET AMPLETU;NULL;N/A;
HLM D30;D30;DMX CE    ;DMX CAISSE D'EPARGNE    ;NULL;N/A;
HLM D31;D31;DMX CAT   ;DMX CAT CAISSE D'EPARGNE;NULL;N/A;
HLM D40;D40;DMX CE TV ;DMX CE TV 290           ;NULL;N/A;
HLM D41;D41;DMX CE    ;DMX CE LIVRET A 3V 236  ;NULL;N/A;
HLM D42;D42;DMX CE    ;DMX CE CSL 6495         ;NULL;N/A;
HLM D43;D43;DMX CE    ;DMX CE CSL 4090         ;NULL;N/A;
HLM D50;D50;DMX CIC   ;DMX CIC                 ;NULL;N/A;
HLM D51;D51;DMX CIC   ;DMX CIC TRANSATLANTIQUE ;NULL;N/A;
V90 D02;D02;DMX BRED  ;DMX BRED 110.183.468    ;NULL;V90;
V90 D03;D03;DMX BRED  ;DMX BRED AUG DE CAPITAL ;NULL;V90;
V90 D04;D04;DMX BRED  ;DMX BRED 810.18.3495    ;NULL;V90;
V90 D05;D05;DMX BRED  ;DMX BRED 550.14.0018    ;NULL;V90;
V90 D06;D06;DMX BRED  ;DMX BRED LIVRET CSL     ;NULL;V90;
V90 D10;D10;DMX BP    ;DMX BP 30821611859      ;NULL;V90;
V90 D11;D11;DMX BP    ;DMX BP 22213082169      ;NULL;V90;
V90 D12;D12;DMX BP    ;DMX LA BANQUE POSTALE   ;NULL;V90;
V90 D13;D13;DMX ccp   ;DMX CCP 54911S020       ;NULL;V90;
V90 D14;D14;DMX BP A  ;DMX LA BP LIVRET A      ;NULL;V90;
V90 D15;D15;DMX BP    ;DMX CAT BP RIVES DE PARI;NULL;V90;
V90 D20;D20;DMX CAT   ;DMX CAT ARKEA           ;NULL;V90;
V90 D22;D22;DMX ARKEA ;DMX ARKEA               ;NULL;V90;
V90 D23;D23;DMX ARKEA ;DMX ARKEA LIVRET A      ;NULL;V90;
V90 D24;D24; DMX ARKEA;DMX ARKEA LIVRET AMPLETU;NULL;V90;
V90 D30;D30;DMX CE    ;DMX CAISSE D'EPARGNE    ;NULL;V90;
V90 D31;D31;DMX CAT   ;DMX CAT CAISSE D'EPARGNE;NULL;V90;
V90 D40;D40;DMX CE TV ;DMX CE TV 290           ;NULL;V90;
V90 D41;D41;DMX CE    ;DMX CE LIVRET A 3V 236  ;NULL;V90;
V90 D42;D42;DMX CE    ;DMX CE CSL 6495         ;NULL;V90;
V90 D43;D43;DMX CE    ;DMX CE CSL 4090         ;NULL;V90;
V90 D50;D50;DMX CIC   ;DMX CIC                 ;NULL;V90;
V90 D51;D51;DMX CIC   ;DMX CIC TRANSATLANTIQUE ;NULL;V90;
V90 D60;D60;DMX CA    ;DMX CA CSL 65001628806  ;NULL;V90;
V90 D70;D70;DMX CRCA  ;DMX CRCA 35767332001    ;NULL;V90;
V90 D71;D71;DMX BQ SG ;DMX BQ SG               ;NULL;V90;
V90 D72;D72;DMX CN    ;DMX CREDIT DU NORD      ;NULL;V90;
V90 D73;D73;DMX BF    ;DMX BF CT COOP          ;NULL;V90;
V90 D74;D74;DMX BQ EDE;DMX BANQUE EDEL         ;NULL;V90;
V90 D75;D75;DMX CAT   ;DMX CAT BQUE TRANSATLANT;NULL;V90;
HLM MF6;MF6;MFRP 9547 ;MFRP CL 9547 R37        ;NULL;N/A;
V90 MF6;MF6;MFRP 9547 ;MFRP CL 9547 R37        ;NULL;V90;
HLM CC1;CC1;CIC CHARTR;CIC CHARTRES            ;NULL;N/A;
V90 CC1;CC1;CIC CHARTR;CIC CHARTRES            ;NULL;V90;
HLM ODD;ODD;OD IMMO EN;OD RECL IMMO ENCOURS    ;NULL;N/A;
V90 ODD;ODD;OD IMMO EN;OD RECL IMMO ENCOURS    ;NULL;V90;
HLM LA4;LA4;CA LIV A  ;CREDIT AGRICOLE LIVRET A;NULL;N/A;
V90 LA4;LA4;CA LIV A  ;CREDIT AGRICOLE LIVRET A;NULL;V90;
HLM ODW;ODW;OD REP SFL;OD REPRISE SFL          ;NULL;N/A;
HLM ODX;ODX;OD REP ATH;OD REPRISE ATHIEGENNE   ;NULL;N/A;
HLM RAS;RAS;RAN REP SF;RAN REP SFL             ;NULL;N/A;
HLM RAT;RAT;RAN REP AT;RAN REP ATHEGIENNE      ;NULL;N/A;
V90 ODW;ODW;OS REP SFL;OD REPRISE SFL          ;NULL;V90;
V90 ODX;ODX;OD ATHEGIE;OD REPRISE ATHEGIENNE   ;NULL;V90;
V90 RAS;RAS;RAN REP AT;RAN REP ATHEGIENNE      ;NULL;V90;
V90 RAT;RAT;RAN REP AT;RAN REP ATHEGIENNE      ;NULL;V90;
HLM EA1;EA1;CE ATHIEG ;CAISSE EPARGNE ATHEGIEN ;NULL;N/A;
HLM EC1;EC1;BP ATHEGIE;BANQUE POSTALE ATHEGIENN;NULL;N/A;
HLM EC2;EC2;BP SDC ATH;BP SDC RIS SABLONS ATH  ;NULL;N/A;
HLM EC3;EC3;BP ATH    ;BANQUE POSTALE ATHEGIENN;NULL;N/A;
V90 EA1;EA1;CE ATHIEG ;CAISSE EPARGNE ATHEGIEN ;NULL;V90;
V90 EC1;EC1;BP ATHEGIE;BANQUE POSTALE ATHEGIENN;NULL;V90;
V90 EC2;EC2;BP SDC ATH;BP SDC RIS SABLONS ATH  ;NULL;V90;
V90 EC3;EC3;BP ATH    ;BANQUE POSTALE ATHEGIENN;NULL;V90;
HLM MIG;MIG;RepMigr   ;Reprise Migration       ;NULL;N/A;
HLM VA1;VA1;CA SFL    ;CREDIT AGRICOLE SFL     ;NULL;N/A;
HLM VBP;VBP;BPO VAL FR;BQE POPULAIRE VAL FRANCE;NULL;N/A;
HLM VC1;VC1;CCP SFL   ;CCP SOFILOGIS           ;NULL;N/A;
HLM VC3;VC3;LIV A LBP ;LIVRET A BQE POSTALE    ;NULL;N/A;
HLM VCC;VCC;C COOP SFL;CREDIT COOPERATIF SFL   ;NULL;N/A;
HLM VCM;VCM;CREDIT MUT;CREDIT MUTUEL IDF SFL   ;NULL;N/A;
HLM VD1;VD1;CDC SFL   ;CDC SFL                 ;NULL;N/A;
HLM VE1;VE1;CEP SFL   ;CAISSE EPARGNE SFL      ;NULL;N/A;
HLM VE2;VE2;CE SFL 2  ;CAISSE EPARGNE SFL 2    ;NULL;N/A;
HLM VE3;VE3;LIVRET A S;LIVRET A SFL            ;NULL;N/A;
HLM VE4;VE4;CE RHONE  ;CE RHONES ALPES         ;NULL;N/A;
HLM VE5;VE5;LIV LYON  ;LIVRET A LYON RH        ;NULL;N/A;
HLM VE6;VE6;CE AUG.K  ;CE AUG CAPITAL SFL      ;NULL;N/A;
HLM VE7;VE7;LIV SOC   ;LIVRET SOCIAL CE PARIS  ;NULL;N/A;
HLM VH1;VH1;CE ALH    ;CE ALLIADE HABITAT      ;NULL;N/A;
HLM VH2;VH2;CCP ALH   ;LA BQE POSTALE ALLIADE  ;NULL;N/A;
V90 VA1;VA1;CA SFL    ;CREDIT AGRICOLE SFL     ;NULL;V90;
V90 VBP;VBP;BPO VAL FR;BQE POPULAIRE VAL FRANCE;NULL;V90;
V90 VC1;VC1;CCP SFL   ;CCP SOFILOGIS           ;NULL;V90;
V90 VC3;VC3;LIV A LBP ;LIVRET A BQE POSTALE    ;NULL;V90;
V90 VCC;VCC;C COOP SFL;CREDIT COOPERATIF SFL   ;NULL;V90;
V90 VCM;VCM;CREDIT MUT;CREDIT MUTUEL IDF SFL   ;NULL;V90;
V90 VD1;VD1;CDC SFL   ;CDC SFL                 ;NULL;V90;
V90 VE1;VE1;CEP SFL   ;CAISSE EPARGNE SFL      ;NULL;V90;
V90 VE2;VE2;CE SFL 2  ;CAISSE EPARGNE SFL 2    ;NULL;V90;
V90 VE3;VE3;LIVRET A S;LIVRET A SFL            ;NULL;V90;
V90 VE4;VE4;CE RHONE  ;CE RHONES ALPES         ;NULL;V90;
V90 VE5;VE5;LIV LYON  ;LIVRET A LYON RH        ;NULL;V90;
V90 VE6;VE6;CE AUG.K  ;CE AUG CAPITAL SFL      ;NULL;V90;
V90 VE7;VE7;LIV SOC   ;LIVRET SOCIAL CE PARIS  ;NULL;V90;
V90 VH1;VH1;CE ALH    ;CE ALLIADE HABITAT      ;NULL;V90;
V90 VH2;VH2;CCP ALH   ;LA BQE POSTALE ALLIADE  ;NULL;V90;
HLM ODY;ODY;OD REP ALH;OD REPRISE ALLIADE      ;NULL;N/A;
V90 ODY;ODY;OD REP ALH;OD REPRISE ALLIADE      ;NULL;V90;
HLM ODZ;ODZ;REP ALLIAD;OD REP ALLIADE MVT 2018 ;NULL;N/A;
V90 ODZ;ODZ;REP ALLIAD;OD REP ALLIADE MVT 2018 ;NULL;V90;
HLM TC2;TC2;LIV A BP  ;LIVRET A BQ POSTALE     ;NULL;N/A;
V90 TC2;TC2;LIV A BP  ;LIVRET A BQ POSTALE     ;NULL;V90;
HLM BC6;BC6;ARKEA DIV ;ARKEA DIVIDENDES        ;NULL;N/A;
V90 BC6;BC6;ARKEA DIV ;ARKEA DIVIDENDES        ;NULL;V90;
FOY FAC;FAC;Jnl Fact  ;Journal de facturation  ;NULL;N/A;
SES FCE;FCE;CE SES    ;CAISSE D'EPARNE SES     ;NULL;SES;
SES LIA;LIA;LIAISON   ;LIAISON AUTO.           ;NULL;SES;
SES ODB;ODB;OD FC-BL  ;OD FC-BL-SL-KM V90      ;NULL;SES;
SES ODC;ODC;OD CLOTURE;OD CLOTURE              ;NULL;SES;
SES ODG;ODG;O.D       ;OPERATIONS DIVERSES     ;NULL;SES;
SES ODO;ODO;OD POT GOP;OD POT GOP              ;NULL;SES;
SES ODT;ODT;OD TVA    ;OPER.DIVERSES TVA       ;NULL;SES;
SES PAI;PAI;PAIE      ;PAIE                    ;NULL;SES;
SES RAN;RAN;A NOUVEAU ;REPORT A NOUVEAU        ;NULL;SES;
SES REC;REC;CH LO FO C;REG CH.LOC FORF CREDIT  ;NULL;SES;
SES RED;RED;CH LO FO D;REG CH.LOC FORF DEBIT   ;NULL;SES;
SES REM;REM;REMB EMP  ;REMBOURSEMENT EMPRUNTS  ;NULL;SES;
SES REP;REP;REPRISES  ;REPRISES                ;NULL;SES;
SES ZDG;ZDG;REP. DEPOT;REPRISE DEPOTS GARANTIES;NULL;SES;
SES ZSO;ZSO;REP. SOLDE;REPRISE SOLDE LOCATAIRE ;NULL;SES;
FOY ODF;ODF;OD        ;OPERATIONS DIVERSES     ;NULL;N/A;
SES ODF;ODF;OD        ;OPERATIONS DIVERSES     ;NULL;SES;
FOY FB1;FB1;BQ TRANS  ;BQ TRANSITOIRE          ;NULL;N/A;
SES FB1;FB1;BQ TRANS  ;BQ TRANSITOIRE          ;NULL;SES;
SLA ANA;ANA;OPE ANA   ;OPERATIONS ANALYTIQUES  ;NULL;SLA;
SLA BUD;BUD;OPE BUDGET;OPERATIONS BUDGETAIRES  ;NULL;SLA;
SLA ODB;ODB;OD FC-BL  ;OD FC-BL-SL-KM V90      ;NULL;SLA;
SLA ODT;ODT;OD TVA    ;OPER.DIVERSES TVA       ;NULL;SLA;
SLA REM;REM;REMB EMP  ;REMBOURSEMENT EMPRUNTS  ;NULL;SLA;
FOY EMP;EMP;EMPRUNTS  ;EMPRUNTS                ;NULL;N/A;
HLM EMP;EMP;EMPRUNTS  ;EMPRUNTS                ;NULL;N/A;
SES EMP;EMP;EMPRUNTS  ;EMPRUNTS                ;NULL;SES;
V90 S01;S01;HSBC Sog  ;HSBC (Sog)              ;NULL;V90;
V90 S03;S03;CEP Sog   ;CEP (Sog)               ;NULL;V90;
V90 S05;S05;CDC Sog   ;CDC (Sog)               ;NULL;V90;
V90 S06;S06;SG SOG    ;STE GENERALE (SOG)      ;NULL;V90;
FOY FAL;FAL;LIV A ARK ;LIVRET A ARKEA          ;NULL;N/A;
FOY FAR;FAR;ARKEA     ;ARKEA                   ;NULL;N/A;
FOY FBC;FBC;BRED COND ;BRED CONDORCET          ;NULL;N/A;
FOY FLC;FLC;LIVRET CE ;LIVRET A CE             ;NULL;N/A;
FOY ODR;ODR;OD REP    ;OD REPRISE PPP          ;NULL;N/A;
FOY RAP;RAP;RAN PPP   ;RAN PPP                 ;NULL;N/A;
SES FAL;FAL;LIV A ARK ;LIVRET A ARKEA          ;NULL;SES;
SES FAR;FAR;ARKEA     ;ARKEA                   ;NULL;SES;
SES FBC;FBC;BRED COND ;BRED CONDORCET          ;NULL;SES;
SES FLC;FLC;LIVRET CE ;LIVRET A CE             ;NULL;SES;
SES ODR;ODR;OD REP    ;OD REPRISE PPP          ;NULL;SES;
SES RAP;RAP;RAN PPP   ;RAN PPP                 ;NULL;SES;
SLA QFH;QFH;QUITT     ;QUITTANCEMENT           ;NULL;SLA;
SLA QUI;QUI;QUITTANCEM;QUIT A LA DEMANDE HLM   ;NULL;SLA;
SEA ODT;ODT;OD TVA    ;OPER.DIVERSES TVA       ;NULL;SEA;
ADL AD1;AD1;ADL BRED  ;ADL BRED                ;NULL;ADL;
ADL AD2;AD2;ADL BRED  ;ADL BRED   2101 8656 394;NULL;ADL;
ADL AD3;AD3;ADL BP    ;ADL BANQUE POSTALE      ;NULL;ADL;
ADL AD4;AD4;ADL CE    ;ADL CAISSE EPARGNE      ;NULL;ADL;
ADL RAN;RAN;A NOUVEAU ;REPORT A NOUVEAU        ;NULL;ADL;
HLM AR1;AR1;ARKEA     ;ARKEA 06824498841       ;NULL;N/A;
V90 AR1;AR1;ARKEA     ;ARKEA 06824498841       ;NULL;V90;
ADL ACH;ACH;ACHATS    ;ACHATS                  ;NULL;ADL;
INT LIA;LIA;LIAISON   ;LIAISON AUTO.           ;NULL;N/A;
INT ODT;ODT;OD TVA    ;OPER.DIVERSES TVA       ;NULL;N/A;
INT RAN;RAN;A NOUVEAU ;REPORT A NOUVEAU        ;NULL;N/A;
FOY ACH;ACH;ACHATS    ;ACHATS                  ;NULL;N/A;
FOY ANA;ANA;OPE ANA   ;OPERATIONS ANALYTIQUES  ;NULL;N/A;
FOY APL;APL;APL/AL    ;APL/AL                  ;NULL;N/A;
FOY BUD;BUD;OPE BUDGET;OPERATIONS BUDGETAIRES  ;NULL;N/A;
FOY LIA;LIA;LIAISON   ;LIAISON AUTO.           ;NULL;N/A;
FOY ODB;ODB;OD FC-BL  ;OD FC-BL-SL-KM V90      ;NULL;N/A;
FOY ODC;ODC;OD CLOTURE;OD CLOTURE              ;NULL;N/A;
FOY ODG;ODG;O.D       ;OPERATIONS DIVERSES     ;NULL;N/A;
FOY ODO;ODO;OD POT GOP;OD POT GOP              ;NULL;N/A;
FOY ODT;ODT;OD TVA    ;OPER.DIVERSES TVA       ;NULL;N/A;
FOY PAI;PAI;PAIE      ;PAIE                    ;NULL;N/A;
FOY RAN;RAN;A NOUVEAU ;REPORT A NOUVEAU        ;NULL;N/A;
FOY REC;REC;CH LO FO C;REG CH.LOC FORF CREDIT  ;NULL;N/A;
FOY RED;RED;CH LO FO D;REG CH.LOC FORF DEBIT   ;NULL;N/A;
FOY REM;REM;REMB EMP  ;REMBOURSEMENT EMPRUNTS  ;NULL;N/A;
FOY REP;REP;REPRISES  ;REPRISES                ;NULL;N/A;
FOY ZDG;ZDG;REP. DEPOT;REPRISE DEPOTS GARANTIES;NULL;N/A;
FOY ZSO;ZSO;REP. SOLDE;REPRISE SOLDE LOCATAIRE ;NULL;N/A;
HLM CD1;CD1;CDC LAMB P;CDC ST LAMBERT PRELVT   ;NULL;N/A;
HLM CD2;CD2;CDC STLAMB;CDC ST LAMBERT          ;NULL;N/A;
SLA CD1;CD1;CDC LAMB P;CDC ST LAMBERT PRELVT   ;NULL;SLA;
SLA CD2;CD2;CDC STLAMB;CDC ST LAMBERT          ;NULL;SLA;
SLA LIA;LIA;LIAISON   ;LIAISON AUTO.           ;NULL;SLA;
HLM S21;S21;BQ ESC    ;BQ ESC SOG (512171)     ;NULL;N/A;
V90 S21;S21;BQ ESC    ;BQ ESC SOG (512171)     ;NULL;V90;
HLM MF1;MF1;MFRP LCL  ;MFRP LCL                ;NULL;N/A;
HLM MF2;MF2;MFRP CCP  ;MFRP CCP                ;NULL;N/A;
HLM MF3;MF3;MFRP LIVA ;MFRP LIVRET A LCL       ;NULL;N/A;
HLM MF4;MF4;MFRP BRED ;MFRP BRED               ;NULL;N/A;
HLM MF5;MF5;MFRP LCL  ;MFRP CREDIT LYONNAIS    ;NULL;N/A;
V90 MF1;MF1;MFRP LCL  ;MFRP LCL                ;NULL;V90;
V90 MF2;MF2;MFRP CCP  ;MFRP CCP                ;NULL;V90;
V90 MF3;MF3;MFRP LIVA ;MFRP LIVRET A LCL       ;NULL;V90;
V90 MF4;MF4;MFRP BRED ;MFRP BRED               ;NULL;V90;
V90 MF5;MF5;MFRP LCL  ;MFRP CREDIT LYONNAIS    ;NULL;V90;
V90 MIG;MIG;RepMigr   ;Reprise Migration GL    ;NULL;V90;
HLM D01;D01;BRED DOMAX;BRED DMX 520.283.343    ;NULL;N/A;
V90 D01;D01;BRED DOMAX;DMX BRED 520.283.343    ;NULL;V90;
HLM S22;S22;BQ ESC    ;BQ ESCPTE SEFICOS    SGC;NULL;N/A;
HLM S23;S23;SGC BP CCP;SGC BP CCP PDT KENNEDY  ;NULL;N/A;
HLM S24;S24;SGC PDT   ;SGC SG  PDT KENNEDY     ;NULL;N/A;
HLM S25;S25;SGC SG AUB;SGC SG  AUBERLANDY      ;NULL;N/A;
V90 S22;S22;SGC BQ ESC;SGC BQ ESCPTE SEFICOS   ;NULL;V90;
V90 S23;S23;SGC BP CCP;SGC BP CCP PDT KENNEDY  ;NULL;V90;
V90 S24;S24;SGC PDT   ;SGC SG  PDT KENNEDY     ;NULL;V90;
V90 S25;S25;SGC SG AUB;SGC SG  AUBERLANDY      ;NULL;V90;
